<?xml version="1.0" encoding="UTF-8"?>
<configuration>
  <appenders>
    <File name="fileAppender" fileName="C:/cw/log/sdl.log" append="true">
      <PatternLayout pattern="%d %-5p [%t] %C{2} %M (%F:%L) - %m%n"/>
    </File>
    <CONSOLE name="STDOUT" target="SYSTEM_OUT">
      <PatternLayout pattern="%d %-5p [%t] %C{2} %M (%F:%L) - %m%n"/>
    </CONSOLE>
  </appenders>
  <loggers>
    <logger name="org.apache.log4j.xml" level="warn">
      <AppenderRef ref="fileAppender"/>
      <AppenderRef ref="STDOUT" />
    </logger>
    <logger name="org.apache" level="warn">
      <AppenderRef ref="fileAppender"/>
      <AppenderRef ref="STDOUT" />
    </logger>
    <root level="info">
      <AppenderRef ref="fileAppender"/>
      <AppenderRef ref="STDOUT" />
    </root>
  </loggers>
</configuration>

