﻿<!DOCTYPE beans PUBLIC "-//SPRING//DTD BEAN//EN" "http://www.springframework.org/dtd/spring-beans.dtd">
<beans>

    <bean id="export_Account" class = "com.salesforce.dataloader.process.ProcessRunner" scope="prototype">
        <description>■■■■■ 取引先 ■■■■■</description>
        <property name="name" value="export.Account.SEL"/>
        <property name="configOverrideMap">
            <map>
                <!-- 対象オブジェクト名 -->
                <entry key="sfdc.entity" value="Account"/>
                <!-- 処理分類 insert/update/upsert/extract/extract_all… -->
                <entry key="process.operation" value="extract_all"/>
                <!-- SELECT文 -->
                <entry key="sfdc.extractionSOQL" value="SELECT Id
,CompanyID__c
,Name
,IsPartner
,Deletiondate__c
,OwnerId
,Owner.NTTResponsibleCode__c
,Owner.UserRoleId
,IsDeleted
FROM Account
WHERE
    IsPartner = true
AND IsDeleted = false
"/>
                <!-- 入出力インターフェイス csvRead/csvWrite/databaseRead/databaseWrite -->
                <entry key="dataAccess.type" value="csvWrite"/>
                <!-- エクスポートファイル(csvファイルをフルパスで指定すること) -->
                <entry key="dataAccess.name" value="c:\cw\ExportAllData\Account.csv"/>
            </map>
        </property>
    </bean>

    <bean id="export_CallCenter" class = "com.salesforce.dataloader.process.ProcessRunner" scope="prototype">
        <description>■■■■■ コールセンター ■■■■■</description>
        <property name="name" value="export.CallCenter.SEL"/>
        <property name="configOverrideMap">
            <map>
                <!-- 対象オブジェクト名 -->
                <entry key="sfdc.entity" value="CallCenter"/>
                <!-- 処理分類 insert/update/upsert/extract/extract_all… -->
                <entry key="process.operation" value="extract_all"/>
                <!-- SELECT文 -->
                <entry key="sfdc.extractionSOQL" value="SELECT Id
,Name
,InternalName
,AdapterUrl
,CustomSettings
,Version
,CreatedById
,CreatedDate
,LastModifiedById
,LastModifiedDate
,SystemModstamp
FROM CallCenter ORDER BY InternalName
"/>
                <!-- 入出力インターフェイス csvRead/csvWrite/databaseRead/databaseWrite -->
                <entry key="dataAccess.type" value="csvWrite"/>
                <!-- エクスポートファイル(csvファイルをフルパスで指定すること) -->
                <entry key="dataAccess.name" value="c:\cw\ExportAllData\CallCenter.csv"/>
            </map>
        </property>
    </bean>

    <bean id="export_CallNumber__c" class = "com.salesforce.dataloader.process.ProcessRunner" scope="prototype">
        <description>■■■■■ 発信番号 ■■■■■</description>
        <property name="name" value="export.CallNumber__c.SEL"/>
        <property name="configOverrideMap">
            <map>
                <!-- 対象オブジェクト名 -->
                <entry key="sfdc.entity" value="CallNumber__c"/>
                <!-- 処理分類 insert/update/upsert/extract/extract_all… -->
                <entry key="process.operation" value="extract_all"/>
                <!-- SELECT文 -->
                <entry key="sfdc.extractionSOQL" value="SELECT  Id
,Name
,AcUserName__c
,AcUserNameText__c
,IsOperator__c
,OperatorName__c
,OperatorNameText__c
,Center__c
,RecordTypeId
,RecordType.DeveloperName
,RecordType.Name
,ExtensionNumber__c
,CallPhoneNumber__c
,OwnerId
,CreatedById
,CreatedDate
,LastModifiedById
,LastModifiedDate
,SystemModstamp
,IsDeleted
FROM CallNumber__c 
WHERE IsDeleted = false
ORDER BY CallPhoneNumber__c, ExtensionNumber__c
"/>
                <!-- 入出力インターフェイス csvRead/csvWrite/databaseRead/databaseWrite -->
                <entry key="dataAccess.type" value="csvWrite"/>
                <!-- エクスポートファイル(csvファイルをフルパスで指定すること) -->
                <entry key="dataAccess.name" value="c:\cw\ExportAllData\CallNumber__c.csv"/>
            </map>
        </property>
    </bean>

    <bean id="export_CallNumber__c_after" class = "com.salesforce.dataloader.process.ProcessRunner" scope="prototype">
        <description>■■■■■ 発信番号_作業後 ■■■■■</description>
        <property name="name" value="export.CallNumber__c.SEL"/>
        <property name="configOverrideMap">
            <map>
                <!-- 対象オブジェクト名 -->
                <entry key="sfdc.entity" value="CallNumber__c"/>
                <!-- 処理分類 insert/update/upsert/extract/extract_all… -->
                <entry key="process.operation" value="extract_all"/>
                <!-- SELECT文 -->
                <entry key="sfdc.extractionSOQL" value="SELECT  Id
,Name
,AcUserName__c
,AcUserNameText__c
,IsOperator__c
,OperatorName__c
,OperatorNameText__c
,Center__c
,RecordTypeId
,RecordType.DeveloperName
,RecordType.Name
,ExtensionNumber__c
,CallPhoneNumber__c
,OwnerId
,CreatedById
,CreatedDate
,LastModifiedById
,LastModifiedDate
,SystemModstamp
,IsDeleted
FROM CallNumber__c 
WHERE IsDeleted = false
ORDER BY CallPhoneNumber__c, ExtensionNumber__c
"/>
                <!-- 入出力インターフェイス csvRead/csvWrite/databaseRead/databaseWrite -->
                <entry key="dataAccess.type" value="csvWrite"/>
                <!-- エクスポートファイル(csvファイルをフルパスで指定すること) -->
                <entry key="dataAccess.name" value="c:\cw\ExportAllData\CallNumber__c_after.csv"/>
            </map>
        </property>
    </bean>

    <bean id="export_Contact" class = "com.salesforce.dataloader.process.ProcessRunner" scope="prototype">
        <description>■■■■■ 取引先責任者 ■■■■■</description>
        <property name="name" value="export.Contact.SEL"/>
        <property name="configOverrideMap">
            <map>
                <!-- 対象オブジェクト名 -->
                <entry key="sfdc.entity" value="Contact"/>
                <!-- 処理分類 insert/update/upsert/extract/extract_all… -->
                <entry key="process.operation" value="extract_all"/>
                <!-- SELECT文 -->
                <entry key="sfdc.extractionSOQL" value="SELECT Account.CompanyID__c, CustomerId__c, Id, AccountId, Email, FirstName, LastName, Phone, Title, IsDeleted
,CreatedById
,CreatedDate
,LastModifiedById
,LastModifiedDate
,SystemModstamp
 FROM Contact
WHERE Account.IsPartner = true
AND IsDeleted = false
"/>
                <!-- 入出力インターフェイス csvRead/csvWrite/databaseRead/databaseWrite -->
                <entry key="dataAccess.type" value="csvWrite"/>
                <!-- エクスポートファイル(csvファイルをフルパスで指定すること) -->
                <entry key="dataAccess.name" value="c:\cw\ExportAllData\Contact.csv"/>
            </map>
        </property>
    </bean>

    <bean id="export_Department__c" class = "com.salesforce.dataloader.process.ProcessRunner" scope="prototype">
        <description>■■■■■ 部署 ■■■■■</description>
        <property name="name" value="export.Department__c.SEL"/>
        <property name="configOverrideMap">
            <map>
                <!-- 対象オブジェクト名 -->
                <entry key="sfdc.entity" value="Department__c"/>
                <!-- 処理分類 insert/update/upsert/extract/extract_all… -->
                <entry key="process.operation" value="extract_all"/>
                <!-- SELECT文 -->
                <entry key="sfdc.extractionSOQL" value="SELECT BushoCode__c, Name, BushoQueue__c, BushoQueueAPIName__c, BushoComprehensiveCompanyCode__c, ComprehensiveCompany__c, BushoDivisionCode__c, Division__c, BushoSectionCode__c, Section__c, BushoUnitCode__c, Unit__c, EmailAddress__c, LaborCostRatio__c, BushoSort__c, BushoHierarchy__c, ExternalID__c, Id, CreatedDate, CreatedById, LastModifiedDate, LastModifiedById, IsDeleted
FROM Department__c
WHERE
    BushoCode__c LIKE '____________'
AND IsDeleted = false
ORDER BY BushoCode__c ASC
"/>
                <!-- 入出力インターフェイス csvRead/csvWrite/databaseRead/databaseWrite -->
                <entry key="dataAccess.type" value="csvWrite"/>
                <!-- エクスポートファイル(csvファイルをフルパスで指定すること) -->
                <entry key="dataAccess.name" value="c:\cw\ExportAllData\Department__c.csv"/>
            </map>
        </property>
    </bean>

    <bean id="export_Group" class = "com.salesforce.dataloader.process.ProcessRunner" scope="prototype">
        <description>■■■■■ グループ ■■■■■</description>
        <property name="name" value="export.Group.SEL"/>
        <property name="configOverrideMap">
            <map>
                <!-- 対象オブジェクト名 -->
                <entry key="sfdc.entity" value="Group"/>
                <!-- 処理分類 insert/update/upsert/extract/extract_all… -->
                <entry key="process.operation" value="extract_all"/>
                <!-- SELECT文 -->
                <entry key="sfdc.extractionSOQL" value="SELECT DeveloperName, Id, Name, RelatedId, Type, OwnerId, DoesIncludeBosses, DoesSendEmailToMembers, Email, CreatedDate, CreatedById, LastModifiedDate, LastModifiedById, SystemModstamp
FROM Group
ORDER BY Type ASC, DeveloperName ASC
"/>
                <!-- 入出力インターフェイス csvRead/csvWrite/databaseRead/databaseWrite -->
                <entry key="dataAccess.type" value="csvWrite"/>
                <!-- エクスポートファイル(csvファイルをフルパスで指定すること) -->
                <entry key="dataAccess.name" value="c:\cw\ExportAllData\Group.csv"/>
            </map>
        </property>
    </bean>

    <bean id="export_GroupMember" class = "com.salesforce.dataloader.process.ProcessRunner" scope="prototype">
        <description>■■■■■ グループメンバー ■■■■■</description>
        <property name="name" value="export.GroupMember.SEL"/>
        <property name="configOverrideMap">
            <map>
                <!-- 対象オブジェクト名 -->
                <entry key="sfdc.entity" value="GroupMember"/>
                <!-- 処理分類 insert/update/upsert/extract/extract_all… -->
                <entry key="process.operation" value="extract_all"/>
                <!-- SELECT文 -->
                <entry key="sfdc.extractionSOQL" value="SELECT Group.DeveloperName, Id, GroupId, Group.Name, UserOrGroupId, SystemModstamp
FROM GroupMember
ORDER BY Group.DeveloperName ASC, UserOrGroupId ASC
"/>
                <!-- 入出力インターフェイス csvRead/csvWrite/databaseRead/databaseWrite -->
                <entry key="dataAccess.type" value="csvWrite"/>
                <!-- エクスポートファイル(csvファイルをフルパスで指定すること) -->
                <entry key="dataAccess.name" value="c:\cw\ExportAllData\GroupMember.csv"/>
            </map>
        </property>
    </bean>

    <bean id="export_GroupMember_after" class = "com.salesforce.dataloader.process.ProcessRunner" scope="prototype">
        <description>■■■■■ グループメンバー_作業後 ■■■■■</description>
        <property name="name" value="export.GroupMember.SEL"/>
        <property name="configOverrideMap">
            <map>
                <!-- 対象オブジェクト名 -->
                <entry key="sfdc.entity" value="GroupMember"/>
                <!-- 処理分類 insert/update/upsert/extract/extract_all… -->
                <entry key="process.operation" value="extract_all"/>
                <!-- SELECT文 -->
                <entry key="sfdc.extractionSOQL" value="SELECT Group.DeveloperName, Id, GroupId, Group.Name, UserOrGroupId, SystemModstamp
FROM GroupMember
ORDER BY Group.DeveloperName ASC, UserOrGroupId ASC
"/>
                <!-- 入出力インターフェイス csvRead/csvWrite/databaseRead/databaseWrite -->
                <entry key="dataAccess.type" value="csvWrite"/>
                <!-- エクスポートファイル(csvファイルをフルパスで指定すること) -->
                <entry key="dataAccess.name" value="c:\cw\ExportAllData\GroupMember_after.csv"/>
            </map>
        </property>
    </bean>

    <bean id="export_PermissionSet" class = "com.salesforce.dataloader.process.ProcessRunner" scope="prototype">
        <description>■■■■■ 権限セット ■■■■■</description>
        <property name="name" value="export.PermissionSet.SEL"/>
        <property name="configOverrideMap">
            <map>
                <!-- 対象オブジェクト名 -->
                <entry key="sfdc.entity" value="PermissionSet"/>
                <!-- 処理分類 insert/update/upsert/extract/extract_all… -->
                <entry key="process.operation" value="extract_all"/>
                <!-- SELECT文 -->
                <entry key="sfdc.extractionSOQL" value="SELECT Id
,Name
,Label
,PermissionSetGroupId
,ProfileId
,Type
,IsCustom
,LicenseId
,HasActivationRequired
,CreatedById
,CreatedDate
,Description
,IsOwnedByProfile
,LastModifiedById
,LastModifiedDate
,NamespacePrefix
,SystemModstamp
FROM PermissionSet ORDER BY Name ASC
"/>
                <!-- 入出力インターフェイス csvRead/csvWrite/databaseRead/databaseWrite -->
                <entry key="dataAccess.type" value="csvWrite"/>
                <!-- エクスポートファイル(csvファイルをフルパスで指定すること) -->
                <entry key="dataAccess.name" value="c:\cw\ExportAllData\PermissionSet.csv"/>
            </map>
        </property>
    </bean>

    <bean id="export_PermissionSetAssignment" class = "com.salesforce.dataloader.process.ProcessRunner" scope="prototype">
        <description>■■■■■ 権限セットの割り当て ■■■■■</description>
        <property name="name" value="export.PermissionSetAssignment.SEL"/>
        <property name="configOverrideMap">
            <map>
                <!-- 対象オブジェクト名 -->
                <entry key="sfdc.entity" value="PermissionSetAssignment"/>
                <!-- 処理分類 insert/update/upsert/extract/extract_all… -->
                <entry key="process.operation" value="extract_all"/>
                <!-- SELECT文 -->
                <entry key="sfdc.extractionSOQL" value="Select Id, PermissionSetGroupId, PermissionSetId, AssigneeId, ExpirationDate, IsActive, SystemModstamp 
FROM PermissionSetAssignment
ORDER BY PermissionSetGroupId, PermissionSetId, AssigneeId ASC
"/>
                <!-- 入出力インターフェイス csvRead/csvWrite/databaseRead/databaseWrite -->
                <entry key="dataAccess.type" value="csvWrite"/>
                <!-- エクスポートファイル(csvファイルをフルパスで指定すること) -->
                <entry key="dataAccess.name" value="c:\cw\ExportAllData\PermissionSetAssignment.csv"/>
            </map>
        </property>
    </bean>

    <bean id="export_PermissionSetAssignment_after" class = "com.salesforce.dataloader.process.ProcessRunner" scope="prototype">
        <description>■■■■■ 権限セットの割り当て_作業後 ■■■■■</description>
        <property name="name" value="export.PermissionSetAssignment.SEL"/>
        <property name="configOverrideMap">
            <map>
                <!-- 対象オブジェクト名 -->
                <entry key="sfdc.entity" value="PermissionSetAssignment"/>
                <!-- 処理分類 insert/update/upsert/extract/extract_all… -->
                <entry key="process.operation" value="extract_all"/>
                <!-- SELECT文 -->
                <entry key="sfdc.extractionSOQL" value="Select Id, PermissionSetGroupId, PermissionSetId, AssigneeId, ExpirationDate, IsActive, SystemModstamp 
FROM PermissionSetAssignment
ORDER BY PermissionSetGroupId, PermissionSetId, AssigneeId ASC
"/>
                <!-- 入出力インターフェイス csvRead/csvWrite/databaseRead/databaseWrite -->
                <entry key="dataAccess.type" value="csvWrite"/>
                <!-- エクスポートファイル(csvファイルをフルパスで指定すること) -->
                <entry key="dataAccess.name" value="c:\cw\ExportAllData\PermissionSetAssignment_after.csv"/>
            </map>
        </property>
    </bean>

    <bean id="export_Profile" class = "com.salesforce.dataloader.process.ProcessRunner" scope="prototype">
        <description>■■■■■ プロファイル ■■■■■</description>
        <property name="name" value="export.Profile.SEL"/>
        <property name="configOverrideMap">
            <map>
                <!-- 対象オブジェクト名 -->
                <entry key="sfdc.entity" value="Profile"/>
                <!-- 処理分類 insert/update/upsert/extract/extract_all… -->
                <entry key="process.operation" value="extract_all"/>
                <!-- SELECT文 -->
                <entry key="sfdc.extractionSOQL" value="SELECT Name
,Id
,Description
,UserType
,UserLicenseId
,CreatedById
,CreatedDate
,LastModifiedById
,LastModifiedDate
,LastReferencedDate
,LastViewedDate
,SystemModstamp
FROM Profile ORDER BY Name ASC
"/>
                <!-- 入出力インターフェイス csvRead/csvWrite/databaseRead/databaseWrite -->
                <entry key="dataAccess.type" value="csvWrite"/>
                <!-- エクスポートファイル(csvファイルをフルパスで指定すること) -->
                <entry key="dataAccess.name" value="c:\cw\ExportAllData\Profile.csv"/>
            </map>
        </property>
    </bean>

    <bean id="export_RecordType" class = "com.salesforce.dataloader.process.ProcessRunner" scope="prototype">
        <description>■■■■■ レコードタイプ ■■■■■</description>
        <property name="name" value="export.RecordType.SEL"/>
        <property name="configOverrideMap">
            <map>
                <!-- 対象オブジェクト名 -->
                <entry key="sfdc.entity" value="RecordType"/>
                <!-- 処理分類 insert/update/upsert/extract/extract_all… -->
                <entry key="process.operation" value="extract_all"/>
                <!-- SELECT文 -->
                <entry key="sfdc.extractionSOQL" value="SELECT Id
,Name
,DeveloperName
,NamespacePrefix
,Description
,BusinessProcessId
,SobjectType
,IsActive
FROM RecordType ORDER BY Name ASC
"/>
                <!-- 入出力インターフェイス csvRead/csvWrite/databaseRead/databaseWrite -->
                <entry key="dataAccess.type" value="csvWrite"/>
                <!-- エクスポートファイル(csvファイルをフルパスで指定すること) -->
                <entry key="dataAccess.name" value="c:\cw\ExportAllData\RecordType.csv"/>
            </map>
        </property>
    </bean>

    <bean id="export_User" class = "com.salesforce.dataloader.process.ProcessRunner" scope="prototype">
        <description>■■■■■ ユーザ ■■■■■</description>
        <property name="name" value="export.User.SEL"/>
        <property name="configOverrideMap">
            <map>
                <!-- 対象オブジェクト名 -->
                <entry key="sfdc.entity" value="User"/>
                <!-- 処理分類 insert/update/upsert/extract/extract_all… -->
                <entry key="process.operation" value="extract_all"/>
                <!-- SELECT文 -->
                <entry key="sfdc.extractionSOQL" value="SELECT NTTResponsibleCode__c
,Username
,Id
,FirstName
,LastName
,Name
,Alias
,Title
,DepartmentCode__c
,ComprehensiveCompanyCode__c
,DivisionCode__c
,SectionCode__c
,UnitCode__c
,ComprehensiveCompany__c
,Division__c
,Section__c
,Unit__c
,Career__c
,Hobby__c
,Inscription__c
,Mail__c
,FullName__c
,CreatedById
,CreatedDate
,LastModifiedById
,LastModifiedDate
,LastLoginDate
,LastPasswordChangeDate
,Email
,Phone
,IsActive
,ProfileId
,Profile.Name
,UserRoleId
,UserRole.Name
,UserType
,ManagerId
,NumberOfFailedLogins
,EmailFrontFlg__c
,IsDownloadAllowed__c
,ApprovalOrganization__c
,SupplementApprovalOrganization__c
,OpportunitySupporter__c
,UserPermissionsMarketingUser
,IsPrmSuperUser
,ContactId
,Contact.CustomerId__c
,AccountId
,Account.CompanyID__c
,TimeZoneSidKey
,LocaleSidKey
,EmailEncodingKey
,LanguageLocaleKey
,CallCenterId
,FederationIdentifier
FROM User
WHERE NTTResponsibleCode__c LIKE '________'
ORDER BY NTTResponsibleCode__c ASC
"/>
                <!-- 入出力インターフェイス csvRead/csvWrite/databaseRead/databaseWrite -->
                <entry key="dataAccess.type" value="csvWrite"/>
                <!-- エクスポートファイル(csvファイルをフルパスで指定すること) -->
                <entry key="dataAccess.name" value="c:\cw\ExportAllData\User.csv"/>
            </map>
        </property>
    </bean>

    <bean id="export_User_after" class = "com.salesforce.dataloader.process.ProcessRunner" scope="prototype">
        <description>■■■■■ ユーザ_作業後 ■■■■■</description>
        <property name="name" value="export.User.SEL"/>
        <property name="configOverrideMap">
            <map>
                <!-- 対象オブジェクト名 -->
                <entry key="sfdc.entity" value="User"/>
                <!-- 処理分類 insert/update/upsert/extract/extract_all… -->
                <entry key="process.operation" value="extract_all"/>
                <!-- SELECT文 -->
                <entry key="sfdc.extractionSOQL" value="SELECT NTTResponsibleCode__c
,Username
,Id
,FirstName
,LastName
,Name
,Alias
,Title
,DepartmentCode__c
,ComprehensiveCompanyCode__c
,DivisionCode__c
,SectionCode__c
,UnitCode__c
,ComprehensiveCompany__c
,Division__c
,Section__c
,Unit__c
,Career__c
,Hobby__c
,Inscription__c
,Mail__c
,FullName__c
,CreatedById
,CreatedDate
,LastModifiedById
,LastModifiedDate
,LastLoginDate
,LastPasswordChangeDate
,Email
,Phone
,IsActive
,ProfileId
,Profile.Name
,UserRoleId
,UserRole.Name
,UserType
,ManagerId
,NumberOfFailedLogins
,EmailFrontFlg__c
,IsDownloadAllowed__c
,ApprovalOrganization__c
,SupplementApprovalOrganization__c
,OpportunitySupporter__c
,UserPermissionsMarketingUser
,IsPrmSuperUser
,ContactId
,Contact.CustomerId__c
,AccountId
,Account.CompanyID__c
,TimeZoneSidKey
,LocaleSidKey
,EmailEncodingKey
,LanguageLocaleKey
,CallCenterId
,FederationIdentifier
FROM User
WHERE NTTResponsibleCode__c LIKE '________'
ORDER BY NTTResponsibleCode__c ASC
"/>
                <!-- 入出力インターフェイス csvRead/csvWrite/databaseRead/databaseWrite -->
                <entry key="dataAccess.type" value="csvWrite"/>
                <!-- エクスポートファイル(csvファイルをフルパスで指定すること) -->
                <entry key="dataAccess.name" value="c:\cw\ExportAllData\User_after.csv"/>
            </map>
        </property>
    </bean>

    <bean id="export_UserLogin" class = "com.salesforce.dataloader.process.ProcessRunner" scope="prototype">
        <description>■■■■■ ユーザログイン ■■■■■</description>
        <property name="name" value="export.UserLogin.SEL"/>
        <property name="configOverrideMap">
            <map>
                <!-- 対象オブジェクト名 -->
                <entry key="sfdc.entity" value="UserLogin"/>
                <!-- 処理分類 insert/update/upsert/extract/extract_all… -->
                <entry key="process.operation" value="extract_all"/>
                <!-- SELECT文 -->
                <entry key="sfdc.extractionSOQL" value="SELECT Id
,UserId
,IsFrozen
,IsPasswordLocked
,LastModifiedDate
,LastModifiedById
FROM UserLogin
ORDER BY UserId
"/>
                <!-- 入出力インターフェイス csvRead/csvWrite/databaseRead/databaseWrite -->
                <entry key="dataAccess.type" value="csvWrite"/>
                <!-- エクスポートファイル(csvファイルをフルパスで指定すること) -->
                <entry key="dataAccess.name" value="c:\cw\ExportAllData\UserLogin.csv"/>
            </map>
        </property>
    </bean>

    <bean id="export_UserLogin_after" class = "com.salesforce.dataloader.process.ProcessRunner" scope="prototype">
        <description>■■■■■ ユーザログイン_作業後 ■■■■■</description>
        <property name="name" value="export.UserLogin.SEL"/>
        <property name="configOverrideMap">
            <map>
                <!-- 対象オブジェクト名 -->
                <entry key="sfdc.entity" value="UserLogin"/>
                <!-- 処理分類 insert/update/upsert/extract/extract_all… -->
                <entry key="process.operation" value="extract_all"/>
                <!-- SELECT文 -->
                <entry key="sfdc.extractionSOQL" value="SELECT Id
,UserId
,IsFrozen
,IsPasswordLocked
,LastModifiedDate
,LastModifiedById
FROM UserLogin
ORDER BY UserId
"/>
                <!-- 入出力インターフェイス csvRead/csvWrite/databaseRead/databaseWrite -->
                <entry key="dataAccess.type" value="csvWrite"/>
                <!-- エクスポートファイル(csvファイルをフルパスで指定すること) -->
                <entry key="dataAccess.name" value="c:\cw\ExportAllData\UserLogin_after.csv"/>
            </map>
        </property>
    </bean>

    <bean id="export_UserRole" class = "com.salesforce.dataloader.process.ProcessRunner" scope="prototype">
        <description>■■■■■ ロール ■■■■■</description>
        <property name="name" value="export.UserRole.SEL"/>
        <property name="configOverrideMap">
            <map>
                <!-- 対象オブジェクト名 -->
                <entry key="sfdc.entity" value="UserRole"/>
                <!-- 処理分類 insert/update/upsert/extract/extract_all… -->
                <entry key="process.operation" value="extract_all"/>
                <!-- SELECT文 -->
                <entry key="sfdc.extractionSOQL" value="SELECT PortalAccountId
,Id
,Name
,CaseAccessForAccountOwner
,ContactAccessForAccountOwner
,DeveloperName
,ForecastUserId
,MayForecastManagerShare
,OpportunityAccessForAccountOwner
,ParentRoleId
,PortalAccountOwnerId
,PortalRole
,PortalType
,RollupDescription
,LastModifiedById
,LastModifiedDate
,SystemModstamp
FROM UserRole
ORDER BY DeveloperName ASC
"/>
                <!-- 入出力インターフェイス csvRead/csvWrite/databaseRead/databaseWrite -->
                <entry key="dataAccess.type" value="csvWrite"/>
                <!-- エクスポートファイル(csvファイルをフルパスで指定すること) -->
                <entry key="dataAccess.name" value="c:\cw\ExportAllData\UserRole.csv"/>
            </map>
        </property>
    </bean>

    <bean id="export_UserRole_after" class = "com.salesforce.dataloader.process.ProcessRunner" scope="prototype">
        <description>■■■■■ ロール_作業後 ■■■■■</description>
        <property name="name" value="export.UserRole.SEL"/>
        <property name="configOverrideMap">
            <map>
                <!-- 対象オブジェクト名 -->
                <entry key="sfdc.entity" value="UserRole"/>
                <!-- 処理分類 insert/update/upsert/extract/extract_all… -->
                <entry key="process.operation" value="extract_all"/>
                <!-- SELECT文 -->
                <entry key="sfdc.extractionSOQL" value="SELECT PortalAccountId
,Id
,Name
,CaseAccessForAccountOwner
,ContactAccessForAccountOwner
,DeveloperName
,ForecastUserId
,MayForecastManagerShare
,OpportunityAccessForAccountOwner
,ParentRoleId
,PortalAccountOwnerId
,PortalRole
,PortalType
,RollupDescription
,LastModifiedById
,LastModifiedDate
,SystemModstamp
FROM UserRole
ORDER BY DeveloperName ASC
"/>
                <!-- 入出力インターフェイス csvRead/csvWrite/databaseRead/databaseWrite -->
                <entry key="dataAccess.type" value="csvWrite"/>
                <!-- エクスポートファイル(csvファイルをフルパスで指定すること) -->
                <entry key="dataAccess.name" value="c:\cw\ExportAllData\UserRole_after.csv"/>
            </map>
        </property>
    </bean>

    <bean id="update_User_UserInactive"
          class="com.salesforce.dataloader.process.ProcessRunner"
          singleton="false">
      <description>■■■■■ ユーザ削除 ■■■■■</description>
        <property name="name" value="import.User.UPD"/>
        <property name="configOverrideMap">
            <map>
                <!-- 対象オブジェクト名 -->
                <entry key="sfdc.entity" value="User"/>
                <!-- 処理分類 insert/update/upsert/extract/extract_all… -->
                <entry key="process.operation" value="update"/>
                <!-- マッピング定義 -->
                <entry key="process.mappingFile" value="update_User_UserInactive.sdl"/>
                <!-- 入出力インターフェイス csvRead/csvWrite/databaseRead/databaseWrite -->
                <entry key="dataAccess.type" value="csvRead"/>
                <!-- UTF-8 文字コードでの読み書き -->
                <entry key="dataAccess.readUTF8" value="true"/>
                <entry key="dataAccess.writeUTF8" value="true"/>
                <!-- インポートファイルCSV(csvファイルをフルパスで指定すること) -->
                <entry key="dataAccess.name" value="C:\cw\UpdateData\ユーザメンテ_21_ユーザ削除用.csv"/>
                <!-- Bulk APIを使うかどうか  -->
                <entry key="sfdc.useBulkApi" value="false"/>
                <entry key="sfdc.bulkApiSerialMode" value="false"/>
            </map>
        </property>
    </bean>

    <bean id="upsert_User_TemporaryUserRegisration"
          class="com.salesforce.dataloader.process.ProcessRunner"
          singleton="false">
      <description>■■■■■ ユーザ仮登録 ■■■■■</description>
        <property name="name" value="import.User.UPS"/>
        <property name="configOverrideMap">
            <map>
                <!-- 対象オブジェクト名 -->
                <entry key="sfdc.entity" value="User"/>
                <!-- 処理分類 insert/update/upsert/extract/extract_all… -->
                <entry key="process.operation" value="upsert"/>
                <!-- キー項目 -->
                <entry key="sfdc.externalIdField" value="NTTResponsibleCode__c"/>
                <!-- マッピング定義 -->
                <entry key="process.mappingFile" value="upsert_User_TemporaryUserRegisration.sdl"/>
                <!-- 入出力インターフェイス csvRead/csvWrite/databaseRead/databaseWrite -->
                <entry key="dataAccess.type" value="csvRead"/>
                <!-- UTF-8 文字コードでの読み書き -->
                <entry key="dataAccess.readUTF8" value="true"/>
                <entry key="dataAccess.writeUTF8" value="true"/>
                <!-- インポートファイルCSV(csvファイルをフルパスで指定すること) -->
                <entry key="dataAccess.name" value="C:\cw\UpsertData\ユーザメンテ_22_登録・更新ユーザ仮登録用.csv"/>
                <!-- Bulk APIを使うかどうか  -->
                <entry key="sfdc.useBulkApi" value="false"/>
                <entry key="sfdc.bulkApiSerialMode" value="false"/>
            </map>
        </property>
    </bean>

    <bean id="upsert_User_ConfirmUserRegisration"
          class="com.salesforce.dataloader.process.ProcessRunner"
          singleton="false">
      <description>■■■■■ ユーザ本登録 ■■■■■</description>
        <property name="name" value="import.User.UPS"/>
        <property name="configOverrideMap">
            <map>
                <!-- 対象オブジェクト名 -->
                <entry key="sfdc.entity" value="User"/>
                <!-- 処理分類 insert/update/upsert/extract/extract_all… -->
                <entry key="process.operation" value="upsert"/>
                <!-- キー項目 -->
                <entry key="sfdc.externalIdField" value="NTTResponsibleCode__c"/>
                <!-- マッピング定義 -->
                <entry key="process.mappingFile" value="upsert_User_ConfirmUserRegisration.sdl"/>
                <!-- 入出力インターフェイス csvRead/csvWrite/databaseRead/databaseWrite -->
                <entry key="dataAccess.type" value="csvRead"/>
                <!-- UTF-8 文字コードでの読み書き -->
                <entry key="dataAccess.readUTF8" value="true"/>
                <entry key="dataAccess.writeUTF8" value="true"/>
                <!-- インポートファイルCSV(csvファイルをフルパスで指定すること) -->
                <entry key="dataAccess.name" value="C:\cw\UpsertData\ユーザメンテ_23_登録・更新ユーザ本登録用.csv"/>
                <!-- Bulk APIを使うかどうか  -->
                <entry key="sfdc.useBulkApi" value="false"/>
                <entry key="sfdc.bulkApiSerialMode" value="false"/>
            </map>
        </property>
    </bean>
</beans>
